,distance,lgrb_l,lgrb,lgrb_u,ccsn_l,ccsn,ccsn_u,sgrb_l,sgrb,sgrb_u,sn_l,sn,sn_u
0,1.0,2.0523190570333263e-19,1.5747353770947535e-18,8.970828582629948e-18,7.7446002152201e-14,4.1304534481173865e-13,1.3553050376635174e-12,2.750984593972841e-19,5.720590480181934e-18,1.8400625429884565e-16,1.0931064611812613e-14,2.5323633017365885e-14,5.101163485512553e-14
1,1.1097141176463292,2.8046542212421175e-19,2.1519988364247697e-18,1.2259337633731269e-17,1.0583600834875915e-13,5.644587111933822e-13,1.8521301461032852e-12,3.7594257222560546e-19,7.817613753565571e-18,2.5145827678666327e-16,1.4938115452673065e-14,3.460663413202593e-14,6.971120544580764e-14
2,1.231465422903571,3.8327812367781737e-19,2.9408761691002337e-18,1.6753351946923464e-17,1.4463325421804428e-13,7.713773558295695e-13,2.5310819488157747e-12,5.137535818978579e-19,1.0683352630193868e-17,3.436365017992295e-16,2.0414049611835417e-14,4.729254826741871e-14,9.526556485523194e-14
3,1.3665745651894,5.2378017384828845e-19,4.018942214433409e-18,2.2894793762550975e-17,1.9765289579180696e-13,1.0541487775563037e-12,3.458925676356622e-12,7.020826194017381e-19,1.4599598840539456e-17,4.696049308581163e-16,2.7897322625234628e-14,6.462879741512689e-14,1.3018750558442826e-13
4,1.516507087807071,7.157880941420781e-19,5.4922105336687755e-18,3.1287592794260643e-17,2.701087147705955e-13,1.4405798121098426e-12,4.726902508485421e-12,9.594483203528762e-19,1.9951441893430674e-17,6.417502010307319e-16,3.8123774318657335e-14,8.832007717155616e-14,1.779109468204009e-13
5,1.682889324850228,9.781835772164216e-19,7.505559523295814e-18,4.2757080890906484e-17,3.691258781948761e-13,1.9686713503726726e-12,6.459702868410332e-12,1.31115778903865e-18,2.7265135480671267e-17,8.769995807477064e-16,5.209898499491325e-14,1.2069598190488234e-13,2.4312859664292847e-13
6,1.8675260422225974,1.3367705132477919e-18,1.0256981296618278e-17,5.843116394385003e-17,5.044417031123744e-13,2.690355749932663e-12,8.82772980446655e-12,1.7917950837462603e-18,3.7259844787836147e-17,1.198485453366704e-15,7.119715564554678e-14,1.649400772455167e-13,3.3225339301255163e-13
7,2.072420014126591,1.8268129348521556e-18,1.4017055223393897e-17,7.985125721523573e-17,6.893633716423229e-13,3.6766046487590556e-12,1.206385900374065e-11,2.448621921189423e-18,5.0918363129369466e-17,1.6378199605306739e-15,9.729623527904993e-14,2.2540294506313232e-13,4.5404909796889966e-13
8,2.2997937473690833,2.4965036108506396e-18,1.915556229709296e-17,1.0912389997114432e-16,9.420768342832603e-13,5.024409782844055e-12,1.6486344599957054e-11,3.3462249988603538e-18,6.958375163193054e-17,2.238203476058912e-15,1.32962582736173e-13,3.0802998333880077e-13,6.204920527688074e-13
9,2.5521135891302267,3.4117046478634512e-18,2.6177859562222708e-17,1.4912797045692445e-16,1.2874357161748872e-12,6.866323819599399e-12,2.2530125033060525e-11,4.572866917950359e-18,9.50914047838684e-17,3.0586725742581875e-15,1.8170332124306064e-13,4.209460275464238e-13,8.479488324676163e-13
10,2.8321164796948564,4.6624267334644635e-18,3.5774595061802807e-17,2.03797898097975e-16,1.759406314514892e-12,9.383500344079424e-12,3.078961050401061e-11,6.2491652105775386e-18,1.2994952821995677e-16,4.179905207075042e-15,2.4831120042029955e-13,5.75254280973694e-13,1.158785601961398e-12
11,3.1428396403362053,6.371684948376248e-18,4.888965809445926e-17,2.785107571774523e-16,2.4044094144816028e-12,1.2823516877235216e-11,4.207716475342805e-11,8.539952907095456e-18,1.7758577568397175e-16,5.712153931236034e-15,3.3933587710313073e-13,7.861281152889195e-13,1.5835674264812767e-12
12,3.4876535183795982,8.707603323215644e-18,6.681305694542822e-17,3.806153653858411e-16,3.28588804649647e-12,1.7524736247981172e-11,5.7503040813688216e-11,1.1670486935265042e-17,2.4268429785915387e-16,7.806087287826287e-15,4.637279576926508e-13,1.074303101987974e-12,2.164063802565703e-12
13,3.8702983468047316,1.1899960705958745e-17,9.130787459918032e-17,5.201555151346747e-16,4.490551209795753e-12,2.3949606452244018e-11,7.858464617142567e-11,1.594859818970777e-17,3.3164634646147284e-16,1.066760541165884e-14,6.337191333658716e-13,1.4681159922976026e-12,2.957355955707401e-12
14,4.29492471495246,1.6262808803963797e-17,1.2478381598009958e-16,7.10858623821059e-16,6.136908982627848e-12,3.2730181240681855e-11,1.0739590719598734e-10,2.1794961393794942e-17,4.532197269967955e-16,1.457808676008801e-14,8.660249560448322e-13,2.006291148170528e-12,4.041449794875883e-12
15,4.766138590410881,2.2225393005038945e-17,1.7053446205124222e-16,9.71487304308306e-16,8.38694075661847e-12,4.473035070196517e-11,1.4677146324082322e-10,2.97844613592036e-17,6.193589978006576e-16,1.992205693562625e-14,1.1834885308292821e-12,2.7417484297545033e-12,5.522946477203317e-12
16,5.2890512804379295,3.037442747559602e-17,2.330616447813028e-16,1.3276872387131594e-15,1.1462048103998497e-11,6.113092322132533e-11,2.005858418199737e-10,4.0702723461592536e-17,8.464010044331164e-16,2.722500046106521e-14,1.6173267600632799e-12,3.746806994146598e-12,7.547524880295306e-12
17,5.869334874857365,4.151190004010154e-17,3.1851898143977285e-16,1.8145138696773946e-15,1.5664867939660958e-11,8.354596234485845e-11,2.7413518894406675e-10,5.562336741978567e-17,1.1566713489942186e-15,3.7205033837075186e-14,2.2102000299252584e-12,5.120296735993515e-12,1.0314266806317873e-11
18,6.513283771823168,5.673412207787731e-17,4.3531842097490767e-16,2.4798877260455805e-15,2.14091026708971e-11,1.1418188091145119e-10,3.746592967406992e-10,7.601358147126869e-17,1.5806797736409515e-15,5.0843521381444626e-14,3.0204072107788884e-12,6.997276704971091e-12,1.409523365030148e-11
19,7.227882953828904,7.753984905065019e-17,5.949598480615927e-16,3.3893204459246467e-15,2.9260320396471766e-11,1.560550421145161e-10,5.12055606938256e-10,1.038783992497674e-16,2.1601203552600638e-15,6.948157830613582e-14,4.127618513235791e-12,9.562316222329582e-12,1.9262219728433692e-11
20,8.020883754559184,1.059781917344467e-16,8.131659994718551e-16,4.632380078958519e-15,3.999177046582894e-11,2.1328944248442103e-10,6.998559831520064e-10,1.4195786808491313e-16,2.951971561500843e-15,9.495195150050481e-14,5.640709990128999e-12,1.3067644810465514e-11,2.6323313287268662e-11
21,8.90088793843442,1.448510113618014e-16,1.1114354330905517e-15,6.3315379180158475e-15,5.466075900445336e-11,2.9152404802375125e-10,9.565632825779338e-10,1.9399649955141929e-16,4.034099394645408e-15,1.2975924804432682e-13,7.708470180851097e-12,1.7857955918971707e-11,3.597286084397179e-11
22,9.877441004868608,1.9798995116973905e-16,1.519168178786677e-15,8.654277739809348e-15,7.471318912065624e-11,3.984703419768333e-10,1.3074808096114842e-09,2.651115027662551e-16,5.51291469328504e-15,1.7732623694961436e-13,1.0534231897996892e-11,2.440430389702613e-11,4.9159748857318826e-11
23,10.961135729321438,2.706357674266957e-16,2.0765763286828226e-15,1.1829676626512801e-14,1.0212670468931915e-10,5.446757583430354e-10,1.7872173320630849e-09,3.62296017843394e-16,7.533837722041438e-15,2.4233044902107814e-13,1.4395868258677908e-11,3.335042813260382e-11,6.718071854049691e-11
24,12.163727064265592,3.6995797112438225e-16,2.838671224979537e-15,1.6171118863612935e-14,1.3960678155637067e-10,7.445695016339769e-10,2.4431186772364864e-09,4.951068475081776e-16,1.0295599345534291e-14,3.311641827703705e-13,1.967311976853686e-11,4.557606079711039e-11,9.180789225317202e-11
25,13.498259646412265,5.057670751803796e-16,3.880728501384045e-15,2.2107428757884517e-14,1.9085550006806778e-10,1.017896000363028e-09,3.3399712511911856e-09,6.766043366691982e-16,1.4069785543982004e-14,4.525631655866823e-13,2.688494052990192e-11,6.228344556093944e-11,1.2546305580620896e-10
26,14.979209293279437,6.914915014807886e-16,5.305783847840014e-15,3.0225571920072206e-14,2.6094018923803343e-10,1.3916810092695117e-09,4.566453311665585e-09,9.24636860368288e-16,1.9227547957327314e-14,6.184657145509741e-13,3.674053749807767e-11,8.511557853721326e-11,1.714558416576958e-10
27,16.622640023931293,9.455186094977763e-16,7.254922664070989e-15,4.132927255351916e-14,3.567994752821798e-10,1.902930534838292e-09,6.243990817438145e-09,1.2635962942408286e-15,2.6276108370305972e-14,8.451869252869119e-13,5.020912427447001e-11,1.1631780456918885e-10,2.3430924661419337e-10
28,18.44637830710947,1.2930374455428596e-15,9.921419393473514e-15,5.6519561298886004e-14,4.879386586954187e-10,2.6023395130422334e-09,8.538926527169827e-09,1.7268172009433635e-15,3.5908649079219613e-14,1.1550234257965546e-12,6.86152530176171e-11,1.5895866949081293e-10,3.202045140822131e-10
29,20.470206426844374,1.7685740832375527e-15,1.357019107892965e-14,7.730559672013202e-14,6.673864465047369e-10,3.5593943813585967e-09,1.1679262813832894e-08,2.359855842551789e-15,4.907249897756701e-14,1.5784466231637797e-12,9.376910632656116e-11,2.1723176298986667e-10,4.3758916285728544e-10
30,22.71607706300382,2.4194851767248285e-15,1.856460324279428e-14,1.0575737093231168e-13,9.130132742357843e-10,4.869404129257517e-09,1.5977732299126224e-08,3.224971776540309e-15,6.706232700885147e-14,2.1571003273547764e-12,1.2814457390226396e-10,2.9686826287357813e-10,5.980080115438984e-10
31,25.2083514143573,3.31078080434578e-15,2.5403475354099696e-14,1.4471651943524007e-13,1.249351246922936e-09,6.663206650255658e-09,2.1863646821151375e-08,4.407253268721114e-15,9.164751830320727e-14,2.947897881727368e-12,1.7512264643924958e-10,4.0570079758426147e-10,8.17239016716498e-10
32,27.974063447102104,4.531797393974778e-15,3.477228189087565e-14,1.9808799929638179e-13,1.7101122241414255e-09,9.12059852875427e-09,2.992696392247495e-08,6.022989772493831e-15,1.2524627738828234e-13,4.0286222981581264e-12,2.393240969202847e-10,5.544341578653263e-10,1.1168457856279954e-09
33,31.043213135183343,6.205455623394668e-15,4.761418780214777e-14,2.712447583810877e-13,2.3416813673187427e-09,1.2488967292366626e-08,4.097942392807799e-08,8.231116315792644e-15,1.7116361080522452e-13,5.505581111887795e-12,3.270642244685819e-10,7.57698786685548e-10,1.5262997141867155e-09
34,34.449091873216915,8.501146950435933e-15,6.522892628636377e-14,3.71591014500187e-13,3.2079799812965786e-09,1.7109226566915086e-08,5.6139649672690123e-08,1.1248857770779601e-14,2.3391664503475463e-13,7.524070429461853e-12,4.469744809581299e-10,1.035490880886334e-09,2.0858809111379395e-09
35,38.22864359180424,1.1652741956857265e-14,8.941097602116895e-14,5.0934941257961e-13,4.397261115795194e-09,2.3452059284241036e-08,7.695206952641589e-08,1.5373115760609464e-14,3.1967936084975973e-13,1.028268007828845e-11,6.108522818785217e-10,1.4151411196852418e-09,2.850643982099768e-09
36,42.42286549229504,1.5983875183882885e-14,1.2264357059331523e-13,6.986662423143777e-13,6.031651012785995e-09,3.2168805401525304e-08,1.0555389272375491e-07,2.1009708667348014e-14,4.368906305660448e-13,1.4052851492729468e-11,8.348228609542258e-10,1.934006294543956e-09,3.895840017786387e-09
37,47.077252747811094,2.1943134019422522e-14,1.6836870128110365e-13,9.591495687735e-13,8.280427931857555e-09,4.4162282303240296e-08,1.4490748880750723e-07,2.8713298915449015e-14,5.970844940033769e-13,1.920558404278378e-11,1.1409257847198284e-09,2.6431447346009355e-09,5.324320328692533e-09
38,52.24229199425044,3.0126637441546666e-14,2.3116036275903734e-13,1.3168561648977946e-12,1.1368542430772329e-08,6.063222629745241e-08,1.9894949253851573e-07,3.923912045805374e-14,8.159658161476076e-13,2.6246034213665087e-11,1.5591703493266388e-09,3.612077975940046e-09,7.276128296857647e-09
39,57.97400896422151,4.1300766938902135e-14,3.1689896644943775e-13,1.805285095757043e-12,1.5585195071283824e-08,8.31210403801804e-08,2.727409137474669e-07,5.361254480552063e-14,1.1148568919823497e-12,3.5860046525546915e-11,2.1302997935968465e-09,4.935194521832694e-09,9.941399036785284e-09
40,64.33457620415145,5.646916767698906e-14,4.332854375215513e-13,2.4683063858809684e-12,2.1309119878109078e-08,1.1364863934991508e-07,3.729095978669089e-07,7.322746735110918e-14,1.5227433608111447e-12,4.89799616057088e-11,2.9097006894480476e-09,6.740806597221309e-09,1.3578603217424222e-08
41,71.39298746654045,7.695351125932838e-14,5.904609040023939e-13,3.3636912154234732e-12,2.9039060852576747e-08,1.5487499121374266e-07,5.081835649200931e-07,9.997921758459977e-14,2.079038034540684e-12,6.68735163976462e-11,3.972684142434428e-09,9.203384929973091e-09,1.8539192664693998e-08
42,79.22580609256737,1.0446172317818118e-13,8.015302030023966e-13,4.566094189234963e-12,3.941951818044573e-08,2.1023743029571056e-07,6.898415681578002e-07,1.3643902191514947e-13,2.8372088000898633e-12,9.126053783728542e-11,5.421418089343688e-09,1.255961857364621e-08,2.5299951083603878e-08
43,87.91799550283257,1.4119879706446968e-13,1.083412153576434e-12,6.1718971043903406e-12,5.3282564929988556e-08,2.8417367962660563e-07,9.324448862747997e-07,1.8609675005905905e-13,3.869826458181758e-12,1.244753096421521e-10,7.394572850028837e-09,1.7130760435900138e-08,3.4508006633467905e-08
44,97.56384080465978,1.9005023710367044e-13,1.4582471023048926e-12,8.307227345097545e-12,7.171707060515866e-08,3.8249104322751284e-07,1.2550487355902764e-06,2.5368330740415477e-13,5.275268776483749e-12,1.6968221223721613e-10,1.008013142003264e-08,2.335230445640895e-08,4.7040613293485657e-08
45,108.26797151272994,2.545968757016609e-13,1.9535106185913606e-12,1.1128605573122916e-11,9.60742927176079e-08,5.123962278272422e-07,1.681300122558138e-06,3.455975040400439e-13,7.186597103879059e-12,2.3116124442413533e-10,1.373235115390903e-08,3.1813280173222584e-08,6.40843053849088e-08
46,120.14649647660701,3.3953021374605514e-13,2.6052003822024357e-12,1.4841100537956497e-11,1.2812460896077552e-07,6.833312477908028e-07,2.2421806568135714e-06,4.705106321425003e-13,9.784128377002986e-12,3.1471240957875845e-10,1.8695786707649016e-08,4.331190587272022e-08,8.724700463569541e-08
47,133.32826332583574,4.5059724607802076e-13,3.457412831542046e-12,1.9695917360014114e-11,1.7003669663321537e-07,9.068623820438154e-07,2.9756421910812688e-06,6.400953371478329e-13,1.3310591779100632e-11,4.281432387545108e-10,2.543425180719866e-08,5.892268335334356e-08,1.1869317510026042e-07
48,147.95625609394725,5.951422950077604e-13,4.566500628361432e-12,2.601408144845242e-11,2.24581998116136e-07,1.197770656619392e-06,3.93018496703238e-06,8.701600601403957e-13,1.8094719131396308e-11,5.820275898952316e-10,3.45758964294197e-08,8.010082672815563e-08,1.6135418333729194e-07
49,164.18914618154898,7.822167270848071e-13,6.001914509707325e-12,3.41912342971032e-11,2.951761234282291e-07,1.5742726582838884e-06,5.165582159994009e-06,1.181928012837925e-12,2.4577840796762148e-11,7.905611211697379e-10,4.696402700018245e-08,1.08799995883756e-07,2.1916545933418477e-07
50,182.20301348196176,1.0230509622184752e-12,7.849824993122893e-12,4.471826532967549e-11,3.860569668748963e-07,2.0589704899994473e-06,6.755996920310686e-06,1.604004609086492e-12,3.3354797831335e-11,1.0728772550843424e-09,6.373528248025797e-08,1.4765340441259763e-07,2.9743131824120386e-07
51,202.1932563386374,1.3315183959066477e-12,1.0216682031484971e-11,5.820159026132832e-11,5.024597720402445e-07,2.6797854508813036e-06,8.793046010704277e-06,2.1747343415030994e-12,4.5222952531918756e-11,1.4546236323961128e-09,8.64132850928384e-08,2.0019077713174224e-07,4.032619970999125e-07
52,224.37671105186908,1.7244174796603136e-12,1.3231379403682909e-11,7.537548102917723e-11,6.50723577230307e-07,3.470525745228304e-06,1.1387662601530372e-05,2.945520723437113e-12,6.125122563968567e-11,1.9701827355440294e-09,1.1704055854717007e-07,2.711439606342773e-07,5.46189273220127e-07
53,248.99400392531024,2.2226070060801784e-12,1.7053965707030302e-11,9.715168988841033e-11,8.387196249359164e-07,4.473171332991554e-06,1.4677593436378538e-05,3.985145157936377e-12,8.286990593324653e-11,2.665560668553471e-09,1.5835013872594878e-07,3.66844488048448e-07,7.389673140544276e-07
54,276.31216136520254,2.8511741138417332e-12,2.187693345211896e-11,1.2462679302641538e-10,1.0759147599402767e-06,5.7382120530148095e-06,1.882850829895484e-05,5.385265853071711e-12,1.1198499853407401e-10,3.602065239471807e-09,2.1398407363198856e-07,4.957297705807734e-07,9.985923436159466e-07
55,306.62750634433587,3.640611172770777e-12,2.793424925019087e-11,1.5913363302362833e-10,1.373815536894633e-06,7.327016196771376e-06,2.4041771895656075e-05,7.267858702865882e-12,1.5113295580793954e-10,4.861282973440094e-09,2.887890875310947e-07,6.690280527803693e-07,1.3476824084784419e-06
56,340.26887264899887,4.628508612668816e-12,3.5514342814188404e-11,2.0231531357263065e-10,1.7466070236486099e-06,9.315237459459253e-06,3.056562291385067e-05,9.795237726490687e-12,2.0368904941179309e-10,6.5517815256659565e-09,3.892147440989677e-07,9.016808238292751e-07,1.8163354724618494e-06
57,377.60117177419494,5.860220966371823e-12,4.496521747782154e-11,2.5615431268103253e-10,2.2114041382535183e-06,1.1794155404018764e-05,3.869957241943657e-05,1.3181521225486332e-11,2.741058056160734e-10,8.816779097841852e-09,5.237690553173378e-07,1.2133983114851657e-06,2.4442555914809093e-06
58,419.0293511576207,7.391306971614226e-12,5.671317298974438e-11,3.230791412120684e-10,2.789172442118576e-06,1.487558635796574e-05,4.881051773707508e-05,1.770993377992392e-11,3.6827279515868287e-10,1.1845717296505405e-08,7.037059780102221e-07,1.6302521823903478e-06,3.28396123071437e-06
59,465.0027866877929,9.290628535089012e-12,7.128658372835594e-11,4.060998007476014e-10,3.5058975604109476e-06,1.869812032219172e-05,6.135320730719158e-05,2.375256263386344e-11,4.939274613929219e-10,1.5887475669008e-08,9.438104357826534e-07,2.1864941762298134e-06,4.404448700319049e-06
60,516.0201571323282,1.1640940952664665e-11,8.93204274355402e-11,5.088335825221348e-10,4.392807906665912e-06,2.342830883555153e-05,7.687413836665346e-05,3.179783884124771e-11,6.612265825266082e-10,2.1268753132225295e-08,1.2634902850826906e-06,2.9270858271082333e-06,5.896287997052557e-06
61,572.6348533598218,1.4546009872222877e-11,1.1161089335919441e-10,6.358161547921321e-10,5.489060329140708e-06,2.927498842208378e-05,9.605855575996239e-05,4.248305059373778e-11,8.834223765850108e-10,2.8415815297798118e-08,1.6880682355127595e-06,3.910691412271226e-06,7.87765176572621e-06
62,635.4609810297297,1.8136562301254892e-11,1.3916104407252182e-10,7.927616854951038e-10,6.84398577405845e-06,3.6501257461645063e-05,0.00011976975104602287,5.6638146466722877e-11,1.177773376857681e-09,3.788379333204643e-08,2.250522376161174e-06,5.2137101714400526e-06,1.0502437755418811e-05
63,705.1800218620772,2.256863379420618e-11,1.7316813351529271e-10,9.864905966649872e-10,8.516465582719313e-06,4.5421149774503005e-05,0.00014903814769758798,7.533900448318692e-11,1.5666521462066684e-09,5.039231425696609e-08,2.9936028271465005e-06,6.935179882889392e-06,1.3970146526683668e-05
64,782.5482257424941,2.8040700470662015e-11,2.1515506021514252e-10,1.2256784167993775e-09,1.0581396404023402e-05,5.643411415479148e-05,0.00018517443707040954,9.997587307992027e-11,2.0789684865625807e-09,6.687127934484735e-08,3.972551248208753e-06,9.203077058350277e-06,1.8538572491640846e-05
65,868.4048138455322,3.479821490320588e-11,2.670051709554162e-10,1.5210540476558546e-09,1.313140185026637e-05,7.003414320142064e-05,0.00022979953237966145,1.323381859648265e-10,2.751933138606326e-09,8.851759458574488e-08,5.258470965489795e-06,1.218212440338469e-05,2.4539531172285708e-05
66,963.6810817564195,4.3146361786661836e-11,3.310601344636946e-10,1.8859573233792438e-09,1.628164595723088e-05,8.683544510523136e-05,0.0002849288042515404,1.7472110683793962e-10,3.63327334749093e-09,1.1686643569954904e-07,6.942560536606873e-06,1.608359857647259e-05,3.2398615837498744e-05
67,1069.410501333785,5.3466469777680336e-11,4.102458687344026e-10,2.3370563833640147e-09,2.0176026331200127e-05,0.00010760547376640067,0.0003530804607960022,2.3006261362329683e-10,4.784083488590411e-09,1.538829402380992e-07,9.141560806223716e-06,2.117794920108494e-05,4.2660617095710674e-05
68,1186.7399308893398,6.623540993135425e-11,5.082213843789446e-10,2.89519559133907e-09,2.4994494313718587e-05,0.0001333039696731658,0.00043740365049007527,3.0211395332510437e-10,6.282369625435945e-09,2.0207622043599697e-07,1.200452794669289e-05,2.781048974317186e-05,5.602113041790015e-05
69,1316.9420552825295,8.205085300532651e-11,6.295725828081657e-10,3.586499549603895e-09,3.096258603974585e-05,0.00016513379221197788,0.0005418452556955524,3.956581688994761e-10,8.227593710889769e-09,2.6464553019104036e-07,1.57215166450123e-05,3.642151356094515e-05,7.336707767672405e-05
70,1461.4291908691953,1.0166173888276301e-10,7.800460467734017e-10,4.443704938586182e-09,3.8362920333118115e-05,0.00020460224177662996,0.0006713511058295669,5.167977520473751e-10,1.0746655241250052e-08,3.456726685879794e-07,2.053501001512749e-05,4.757277320171201e-05,9.583004673726161e-05
71,1621.7686050479979,1.2602238596550325e-10,9.669642193579494e-10,5.5085256758506135e-09,4.755561734547292e-05,0.00025362995917585556,0.0008322233035457761,6.73338370419341e-10,1.4001870749117424e-08,4.503786451149235e-07,2.675516703653011e-05,6.198280363462809e-05,0.00012485744617047383
72,1799.699516577357,1.5633680978231642e-10,1.199565458707082e-09,6.833590113126409e-09,5.899502255936469e-05,0.00031464012031661164,0.001032412894788882,8.752928100190142e-10,1.8201453135494733e-08,5.854607537213274e-07,3.4779846755722424e-05,8.057331165075693e-05,0.00016230595152670464
73,1997.151961067167,1.9415153049205967e-10,1.489716145913917e-09,8.486497716476821e-09,7.326472848756969e-05,0.00039074521860037165,0.0012821327485324694,1.135600187326111e-09,2.3614467471549597e-08,7.595736352313724e-07,4.512318625136866e-05,0.00010453538148233738,0.00021057486917305373
74,2216.267726281287,2.4145004129706206e-10,1.8526355369963253e-09,1.0553948346003656e-08,9.111322313096682e-05,0.000485937190031823,0.0015944814047919192,1.4711094809239449e-09,3.059128324570323e-08,9.83987136247142e-07,5.8454681361216356e-05,0.00013542001182015122,0.0002727885130190097
75,2459.423584338277,3.008018298281949e-10,2.3080391974238853e-09,1.3148256083685249e-08,0.00011351012446346978,0.0006053873304718388,0.001986427178110721,1.90402023791382e-09,3.9593533424168177e-08,1.2735499604589128e-06,7.565643329458888e-05,0.00017527073713246422,0.0003530633553747481
76,2729.2570728125233,3.7559159644473253e-10,2.881897784041344e-09,1.6417368523842082e-08,0.00014173267790367267,0.0007559076154862542,0.0024803218633142714,2.463992579135873e-09,5.123799138070624e-08,1.648100996640551e-06,9.790698989943867e-05,0.0002268178599336996,0.0004568992861973805
77,3028.6951043861523,4.702683802357674e-10,3.6083485779096614e-09,2.0555756243009955e-08,0.00017745976612670465,0.0009464520860090915,0.003105545907217331,3.191162943590368e-09,6.635928240313747e-08,2.1344864722028294e-06,0.0001268011765665047,0.0002937560590457359,0.000591738823977022
78,3360.985715383636,5.907904159630516e-10,4.533108852043541e-09,2.582385780467427e-08,0.00022293977960869874,0.00118901215791306,0.0039014461431522277,4.140744663577694e-09,8.610555128234412e-08,2.769637159081769e-06,0.00016453290053951105,0.0003811678862498672,0.0007678202025177182
79,3729.733297568868,7.451942903395992e-10,5.717842982479943e-09,3.257295797396361e-08,0.00028120539258098083,0.001499762093765231,0.004921094370167164,5.3899518239078e-09,1.1208244190112911e-07,3.6051995643356816e-06,0.00021417027114865436,0.0004961611281610492,0.000999461265360387
80,4138.93769536777,9.444372919096118e-10,7.2466257618221796e-09,4.128200741365914e-08,0.0003563914309092875,0.0019007542981828668,0.006236850040912531,7.048323471848915e-09,1.465677861033483e-07,4.714441527528082e-06,0.00028006583331849995,0.0006488191805211914,0.0013069738888196664
81,4593.037592608176,1.2036558602136505e-09,9.235598424280841e-09,5.261263036782938e-08,0.0004542097585711889,0.0024224520457130074,0.007948670774995805,9.273610348091979e-09,1.928419635298597e-07,6.202878444750265e-06,0.0003684878284010058,0.0008536634691289968,0.0017196098658713605
82,5096.958659397602,1.5438737844859575e-09,1.1846075579074643e-08,6.748379120866292e-08,0.0005825938809380972,0.003107167365003185,0.0101953929164167,1.2295602071226514e-08,2.556833808188825e-07,8.2242106569131e-06,0.0004885669697176099,0.0011318468131791294,0.0022799791920155126
83,5656.166981393226,1.9944337730310856e-09,1.530320253520707e-08,8.717808001613864e-08,0.0007526165181249379,0.004013954763333002,0.013170789067186413,1.6451708098892612e-08,3.4210836708955504e-07,1.100412263568314e-05,0.000653710255585137,0.001514428758772234,0.003050647859397306
84,6276.728351017085,2.5960950592308863e-09,1.991972309598542e-08,1.1347711107958907e-07,0.0009796585129173156,0.005224845402225683,0.01714402397605302,2.223748437883331e-08,4.624218605929576e-07,1.4874078955378572e-05,0.0008836086508145686,0.0020470267077204174,0.004123507037134654
85,6965.3740637546225,3.4042265766137153e-09,2.6120480650746746e-08,1.4880109878909007e-07,0.0012846138024957415,0.006851273613310622,0.022480741543675478,3.0367997038923394e-08,6.314934483590694e-07,2.0312368880339494e-05,0.0012066753790300688,0.002795464628086326,0.005631151768806988
86,7729.573933236087,4.488646338056419e-09,3.444118573854611e-08,1.9620183678925856e-07,0.001693828806813743,0.009033753636339964,0.029642004119240502,4.181249142530468e-08,8.694782985129582e-07,2.7967295589111078e-05,0.0016614235003432323,0.0038489644424618214,0.007753309668268417
87,8577.617317103151,5.9139343028402774e-09,4.53773575438059e-08,2.5850215977823856e-07,0.00223167332182652,0.011902257716408106,0.039054283131964095,5.757378170366579e-08,1.1972296327782158e-06,3.850961557662414e-05,0.0022876999352449984,0.005299838183317579,0.010675933031143326
88,9518.703032556996,7.602846676224173e-09,5.8336307830147745e-08,3.3232568804879247e-07,0.002868998745744971,0.015301326643973179,0.05020747805053699,7.668888620728371e-08,1.5947225343766283e-06,5.129521527771957e-05,0.0030472405115476975,0.0070594405184188315,0.01422045572055592
89,10563.039136911435,9.313673294072219e-09,7.146340514948495e-08,4.0710710310567247e-07,0.003514593695876309,0.018744499711340314,0.061505389677835406,9.541276790087436e-08,1.9840800742301026e-06,6.381913614561795e-05,0.0037912358106307695,0.008783029627961281,0.017692433782943592
90,11721.953655481304,1.0903841100101186e-08,8.366469271775753e-08,4.7661443802329085e-07,0.004114657018906108,0.02194483743416591,0.07200649783085689,1.1175890783285544e-07,2.3239931827494443e-06,7.475264696104902e-05,0.0044407513046167725,0.01028774052236219,0.020723506088211607
91,13008.01745788361,1.2287235331140693e-08,9.427941574837513e-08,5.37083556927219e-07,0.00463669257778894,0.024729027081541018,0.08114212011130646,1.2490267691065699e-07,2.597313943705053e-06,8.354417462235997e-05,0.0049630202745956425,0.01149766363614657,0.02316076128144633
92,14435.180615603342,1.3418841316150508e-08,1.0296217865222403e-07,5.865468374040631e-07,0.005063713704207738,0.02700647308910794,0.08861498982363541,1.3471215366335655e-07,2.8012990894234412e-06,9.010548026489413e-05,0.005352800807815493,0.012400655204772557,0.024979737103138965
93,16018.923719909673,1.428911333694338e-08,1.0963973755390517e-07,6.245870295079024e-07,0.0053921182403559925,0.02875796394856529,0.09436206920622986,1.4150971804074793e-07,2.9426524148870766e-06,9.465219551069897e-05,0.005622902703605879,0.013026391263353618,0.026240212616827435
94,17776.425801483398,1.4916649840270462e-08,1.1445479751654066e-07,6.520170842130799e-07,0.005628924468026589,0.03002093049614181,0.09850617819046531,1.4587020907591756e-07,3.0333275264793456e-06,9.756881534217004e-05,0.005796167248049705,0.013427787457981816,0.027048780490898625
95,19726.750673198607,1.533899075727619e-08,1.1769540077910033e-07,6.704778978809404e-07,0.005788298398972147,0.03087092479451812,0.10129522198201257,1.4844642656971234e-07,3.0868992015158727e-06,9.929198068570164e-05,0.0058985335060812855,0.013664935955754976,0.027526489695045998
96,21891.0537173377,1.5602939523507963e-08,1.197206680420108e-07,6.820152810589959e-07,0.005887901706984137,0.03140214243724873,0.10303827987222239,1.4983898045280328e-07,3.1158569445152474e-06,0.0001002234240114777,0.005953866772959071,0.013793124690688514,0.027784711607142333
97,24292.811360283824,1.5755163582959524e-08,1.2088867654849447e-07,6.88669100009866e-07,0.005945344748286613,0.031708505324195266,0.10404353309501572,1.5052218992006074e-07,3.1300640817813955e-06,0.00010068040517831877,0.005981014169009037,0.013856016158204266,0.0279113994553755
98,26958.07572382606,1.5835474418459212e-08,1.2150489805358643e-07,6.921795421905128e-07,0.005975650723946873,0.03187013719438332,0.10457388766907028,1.508235997329479e-07,3.136331809016268e-06,0.00010088201041740225,0.005992990717865481,0.013883761829721696,0.027967290016705577
99,29915.75721530859,1.5873889516898456e-08,1.2179965541268e-07,6.938586927197754e-07,0.005990146987508852,0.03194745060004721,0.1048275722814049,1.509421795903957e-07,3.138797641813526e-06,0.0001009613254213905,0.005997702500280624,0.013894677458983444,0.02798927833464291
